"","Links","Descriptions","Price","Rating"
"1","https://amazon.com/Hamilton-Beach-Reciprocating-Stainless-Ergonomic/dp/B0BNQXXT2F/ref=sr_1_1?dib=eyJ2IjoiMSJ9.P-77lI7ryEwv50aT4xaunT1TG_adIPs5HojuWF6Mu2SkCd78ghUknvpIOT2J3sDY1dFGLqqRwBVB5aTAx5_310O4MtZ8fvpYn5t_JhtzbAv73WoWV89xnWwbQJS_Vctqln9Nw_L0d3yKmC_4L5Nxy0bxL3j0ToUoPTvNaX9B1OooXWdrSQstp2YhevWZQFzNm-sA2kBfFBsNok3txc0DFv_iu64vtbu4CFkkEt3lza2yZJTcObyEl-tF6D0dmuq_aUPMDoewbmrcYFMHovH-DMEOzYTKf1f4FaHxnwK6wA8.OESq4GsqR11J8RLFjRoJBkgkrHJEXUXrQp8Cv3PWRDo&dib_tag=se&qid=1733492183&rnid=2941120011&s=industrial-intl-ship&sr=1-1","Hamilton Beach Electric Knife Set for Carving Meats, Poultry, Bread, Crafting Foam & More, Reciprocating Serrated Stainless Steel Blades, Ergonomic Design Storage Case + Fork Included, 5 Foot Cord","24.","4.6 "
"2","https://amazon.com/FoodSaver-Vacuum-Sealer-Airtight-Storage/dp/B001U005B8/ref=sr_1_2?dib=eyJ2IjoiMSJ9.P-77lI7ryEwv50aT4xaunT1TG_adIPs5HojuWF6Mu2SkCd78ghUknvpIOT2J3sDY1dFGLqqRwBVB5aTAx5_310O4MtZ8fvpYn5t_JhtzbAv73WoWV89xnWwbQJS_Vctqln9Nw_L0d3yKmC_4L5Nxy0bxL3j0ToUoPTvNaX9B1OooXWdrSQstp2YhevWZQFzNm-sA2kBfFBsNok3txc0DFv_iu64vtbu4CFkkEt3lza2yZJTcObyEl-tF6D0dmuq_aUPMDoewbmrcYFMHovH-DMEOzYTKf1f4FaHxnwK6wA8.OESq4GsqR11J8RLFjRoJBkgkrHJEXUXrQp8Cv3PWRDo&dib_tag=se&qid=1733492183&rnid=2941120011&s=industrial-intl-ship&sr=1-2","FoodSaver Precut Vacuum Sealer Bags for Airtight Food Storage and Sous Vide Cooking, BPA-Free, 1 Quart, 44 Count","18.","4.8 "
"3","https://amazon.com/FoodSaver-Vacuum-Custom-Sized-BPA-Free-Sealer/dp/B01D5TM5QE/ref=sr_1_3?dib=eyJ2IjoiMSJ9.P-77lI7ryEwv50aT4xaunT1TG_adIPs5HojuWF6Mu2SkCd78ghUknvpIOT2J3sDY1dFGLqqRwBVB5aTAx5_310O4MtZ8fvpYn5t_JhtzbAv73WoWV89xnWwbQJS_Vctqln9Nw_L0d3yKmC_4L5Nxy0bxL3j0ToUoPTvNaX9B1OooXWdrSQstp2YhevWZQFzNm-sA2kBfFBsNok3txc0DFv_iu64vtbu4CFkkEt3lza2yZJTcObyEl-tF6D0dmuq_aUPMDoewbmrcYFMHovH-DMEOzYTKf1f4FaHxnwK6wA8.OESq4GsqR11J8RLFjRoJBkgkrHJEXUXrQp8Cv3PWRDo&dib_tag=se&qid=1733492183&rnid=2941120011&s=industrial-intl-ship&sr=1-3","FoodSaver Custom Fit Vacuum Sealer Bags, Airtight Food Storage and Sous Vide Rolls, BPA-Free, 11 x 16' , 3 Count ( Pack of 1)","29.","4.8 "
"4","https://amazon.com/Bonsenkitchen-Storage-Durable-Commercial-Customized/dp/B0C5BWRMQL/ref=sr_1_4?dib=eyJ2IjoiMSJ9.P-77lI7ryEwv50aT4xaunT1TG_adIPs5HojuWF6Mu2SkCd78ghUknvpIOT2J3sDY1dFGLqqRwBVB5aTAx5_310O4MtZ8fvpYn5t_JhtzbAv73WoWV89xnWwbQJS_Vctqln9Nw_L0d3yKmC_4L5Nxy0bxL3j0ToUoPTvNaX9B1OooXWdrSQstp2YhevWZQFzNm-sA2kBfFBsNok3txc0DFv_iu64vtbu4CFkkEt3lza2yZJTcObyEl-tF6D0dmuq_aUPMDoewbmrcYFMHovH-DMEOzYTKf1f4FaHxnwK6wA8.OESq4GsqR11J8RLFjRoJBkgkrHJEXUXrQp8Cv3PWRDo&dib_tag=se&qid=1733492183&rnid=2941120011&s=industrial-intl-ship&sr=1-4","Bonsenkitchen Vacuum Sealer Rolls Bags, 6 Pack 3 Rolls 11"" x 20' + 3 Rolls 8"" x 20' Commercial Grade BPA Free Bag Rolls, Durable Customized Size Food Vac Bags for Storage and Sous Vide Cooking VB3211","19.","4.6 "
"5","https://amazon.com/Proctor-Silex-74312-Electric-Knives/dp/B0BNQXR1MQ/ref=sr_1_5?dib=eyJ2IjoiMSJ9.P-77lI7ryEwv50aT4xaunT1TG_adIPs5HojuWF6Mu2SkCd78ghUknvpIOT2J3sDY1dFGLqqRwBVB5aTAx5_310O4MtZ8fvpYn5t_JhtzbAv73WoWV89xnWwbQJS_Vctqln9Nw_L0d3yKmC_4L5Nxy0bxL3j0ToUoPTvNaX9B1OooXWdrSQstp2YhevWZQFzNm-sA2kBfFBsNok3txc0DFv_iu64vtbu4CFkkEt3lza2yZJTcObyEl-tF6D0dmuq_aUPMDoewbmrcYFMHovH-DMEOzYTKf1f4FaHxnwK6wA8.OESq4GsqR11J8RLFjRoJBkgkrHJEXUXrQp8Cv3PWRDo&dib_tag=se&qid=1733492183&rnid=2941120011&s=industrial-intl-ship&sr=1-5","Proctor Silex Easy Slice Electric Knife for Meat Slicing, Poultry, Bread, Crafting Foam and More, Lightweight with Contoured Grip, White, (74312)","21.","4.6 "
"6","https://amazon.com/Tyzine-Pressure-Accessory-Efficient-Corkscrew/dp/B07MH2W7QS/ref=sr_1_6?dib=eyJ2IjoiMSJ9.P-77lI7ryEwv50aT4xaunT1TG_adIPs5HojuWF6Mu2SkCd78ghUknvpIOT2J3sDY1dFGLqqRwBVB5aTAx5_310O4MtZ8fvpYn5t_JhtzbAv73WoWV89xnWwbQJS_Vctqln9Nw_L0d3yKmC_4L5Nxy0bxL3j0ToUoPTvNaX9B1OooXWdrSQstp2YhevWZQFzNm-sA2kBfFBsNok3txc0DFv_iu64vtbu4CFkkEt3lza2yZJTcObyEl-tF6D0dmuq_aUPMDoewbmrcYFMHovH-DMEOzYTKf1f4FaHxnwK6wA8.OESq4GsqR11J8RLFjRoJBkgkrHJEXUXrQp8Cv3PWRDo&dib_tag=se&qid=1733492183&rnid=2941120011&s=industrial-intl-ship&sr=1-6","Air Pressure Pump Bottle Opener With Foil Cutter,Aerator Pourer,Vacuum Stopper(4PCS),Simple Cork Remover,Efficient Corkscrew Bottle Opener,Great For Wine Lovers,Perfect Wine Gift.","12.","4.4 "
"7","https://amazon.com/Kubik-Letters-Premium-Dishwasher-Magnet/dp/B0BVLYL8SZ/ref=sr_1_7?dib=eyJ2IjoiMSJ9.P-77lI7ryEwv50aT4xaunT1TG_adIPs5HojuWF6Mu2SkCd78ghUknvpIOT2J3sDY1dFGLqqRwBVB5aTAx5_310O4MtZ8fvpYn5t_JhtzbAv73WoWV89xnWwbQJS_Vctqln9Nw_L0d3yKmC_4L5Nxy0bxL3j0ToUoPTvNaX9B1OooXWdrSQstp2YhevWZQFzNm-sA2kBfFBsNok3txc0DFv_iu64vtbu4CFkkEt3lza2yZJTcObyEl-tF6D0dmuq_aUPMDoewbmrcYFMHovH-DMEOzYTKf1f4FaHxnwK6wA8.OESq4GsqR11J8RLFjRoJBkgkrHJEXUXrQp8Cv3PWRDo&dib_tag=se&qid=1733492183&rnid=2941120011&s=industrial-intl-ship&sr=1-7","Dishwasher Magnet Clean Dirty Sign, Kubik Letters Premium Stainless Steel Grade 304, Kitchen Organizers and Storage Decor Accessories, Extra Adhesive Tapes Included.","14.","4.8 "
"8","https://amazon.com/Syntus-Vacuum-Sealer-Commercial-Storage/dp/B08MPLY84K/ref=sr_1_8?dib=eyJ2IjoiMSJ9.P-77lI7ryEwv50aT4xaunT1TG_adIPs5HojuWF6Mu2SkCd78ghUknvpIOT2J3sDY1dFGLqqRwBVB5aTAx5_310O4MtZ8fvpYn5t_JhtzbAv73WoWV89xnWwbQJS_Vctqln9Nw_L0d3yKmC_4L5Nxy0bxL3j0ToUoPTvNaX9B1OooXWdrSQstp2YhevWZQFzNm-sA2kBfFBsNok3txc0DFv_iu64vtbu4CFkkEt3lza2yZJTcObyEl-tF6D0dmuq_aUPMDoewbmrcYFMHovH-DMEOzYTKf1f4FaHxnwK6wA8.OESq4GsqR11J8RLFjRoJBkgkrHJEXUXrQp8Cv3PWRDo&dib_tag=se&qid=1733492183&rnid=2941120011&s=industrial-intl-ship&sr=1-8","Syntus Vacuum Sealer Bags, 6 Pack 3 Rolls 11"" x 20' and 3 Rolls 8"" x 20' Commercial Grade BPA Free Bag Rolls, Food Vac Bags for Storage, Meal Prep or Sous Vide","19.","4.6 "
"9","https://amazon.com/Syntus-Vacuum-Sealer-Commercial-Storage/dp/B0C1BB3PH3/ref=sr_1_9?dib=eyJ2IjoiMSJ9.P-77lI7ryEwv50aT4xaunT1TG_adIPs5HojuWF6Mu2SkCd78ghUknvpIOT2J3sDY1dFGLqqRwBVB5aTAx5_310O4MtZ8fvpYn5t_JhtzbAv73WoWV89xnWwbQJS_Vctqln9Nw_L0d3yKmC_4L5Nxy0bxL3j0ToUoPTvNaX9B1OooXWdrSQstp2YhevWZQFzNm-sA2kBfFBsNok3txc0DFv_iu64vtbu4CFkkEt3lza2yZJTcObyEl-tF6D0dmuq_aUPMDoewbmrcYFMHovH-DMEOzYTKf1f4FaHxnwK6wA8.OESq4GsqR11J8RLFjRoJBkgkrHJEXUXrQp8Cv3PWRDo&dib_tag=se&qid=1733492183&rnid=2941120011&s=industrial-intl-ship&sr=1-9","Syntus Vacuum Sealer Bags, 150 Gallon 11"" x 16"" and Quart 8"" x 12"" and Pint 6"" x 10"" Commercial Grade PreCut Bag, BPA Free Food Vac Bags for Storage, Meal Prep or Sous Vide","24.","4.6 "
"10","https://amazon.com/Prikoi-Electric-Knife-Easy-Slice-Ergonomic/dp/B0BXGDQCHQ/ref=sr_1_10?dib=eyJ2IjoiMSJ9.P-77lI7ryEwv50aT4xaunT1TG_adIPs5HojuWF6Mu2SkCd78ghUknvpIOT2J3sDY1dFGLqqRwBVB5aTAx5_310O4MtZ8fvpYn5t_JhtzbAv73WoWV89xnWwbQJS_Vctqln9Nw_L0d3yKmC_4L5Nxy0bxL3j0ToUoPTvNaX9B1OooXWdrSQstp2YhevWZQFzNm-sA2kBfFBsNok3txc0DFv_iu64vtbu4CFkkEt3lza2yZJTcObyEl-tF6D0dmuq_aUPMDoewbmrcYFMHovH-DMEOzYTKf1f4FaHxnwK6wA8.OESq4GsqR11J8RLFjRoJBkgkrHJEXUXrQp8Cv3PWRDo&dib_tag=se&qid=1733492183&rnid=2941120011&s=industrial-intl-ship&sr=1-10","Electric Knife - Easy-Slice Serrated Edge Blades Carving Set for Meat, Bread, Turkey, Ribs, Fillet, DIY, Ergonomic Handle + 2 Blades for Raw & Cooked Food(Faux Wood)","37.","4.3 "
"11","https://amazon.com/FoodSaver-Vacuum-Seal-Rolls-Multipack/dp/B0028JURDQ/ref=sr_1_11?dib=eyJ2IjoiMSJ9.P-77lI7ryEwv50aT4xaunT1TG_adIPs5HojuWF6Mu2SkCd78ghUknvpIOT2J3sDY1dFGLqqRwBVB5aTAx5_310O4MtZ8fvpYn5t_JhtzbAv73WoWV89xnWwbQJS_Vctqln9Nw_L0d3yKmC_4L5Nxy0bxL3j0ToUoPTvNaX9B1OooXWdrSQstp2YhevWZQFzNm-sA2kBfFBsNok3txc0DFv_iu64vtbu4CFkkEt3lza2yZJTcObyEl-tF6D0dmuq_aUPMDoewbmrcYFMHovH-DMEOzYTKf1f4FaHxnwK6wA8.OESq4GsqR11J8RLFjRoJBkgkrHJEXUXrQp8Cv3PWRDo&dib_tag=se&qid=1733492183&rnid=2941120011&s=industrial-intl-ship&sr=1-11","FoodSaver Custom Length Vacuum Sealer Bags Multipack, 5 Count Rolls for Airtight Food Storage and Sous Vide - Compatible with FoodSaver, 8 (2 Pack) and 11 (3 Pack)","42.","4.8 "
"12","https://amazon.com/Wevac-Weston-Commercial-Puncture-Prevention/dp/B07TV5RNQL/ref=sr_1_12?dib=eyJ2IjoiMSJ9.P-77lI7ryEwv50aT4xaunT1TG_adIPs5HojuWF6Mu2SkCd78ghUknvpIOT2J3sDY1dFGLqqRwBVB5aTAx5_310O4MtZ8fvpYn5t_JhtzbAv73WoWV89xnWwbQJS_Vctqln9Nw_L0d3yKmC_4L5Nxy0bxL3j0ToUoPTvNaX9B1OooXWdrSQstp2YhevWZQFzNm-sA2kBfFBsNok3txc0DFv_iu64vtbu4CFkkEt3lza2yZJTcObyEl-tF6D0dmuq_aUPMDoewbmrcYFMHovH-DMEOzYTKf1f4FaHxnwK6wA8.OESq4GsqR11J8RLFjRoJBkgkrHJEXUXrQp8Cv3PWRDo&dib_tag=se&qid=1733492183&rnid=2941120011&s=industrial-intl-ship&sr=1-12","Wevac Vacuum Sealer Bags 100 Quart 8x12 Inch for Food Saver, Seal a Meal, Weston. Commercial Grade, BPA Free, Heavy Duty, Great for vac storage, Meal Prep or Sous Vide","16.","4.7 "
"13","https://amazon.com/Lemige-Replacement-Compatible-Cordless-970013-02/dp/B08DNCW4N8/ref=sr_1_13?dib=eyJ2IjoiMSJ9.P-77lI7ryEwv50aT4xaunT1TG_adIPs5HojuWF6Mu2SkCd78ghUknvpIOT2J3sDY1dFGLqqRwBVB5aTAx5_310O4MtZ8fvpYn5t_JhtzbAv73WoWV89xnWwbQJS_Vctqln9Nw_L0d3yKmC_4L5Nxy0bxL3j0ToUoPTvNaX9B1OooXWdrSQstp2YhevWZQFzNm-sA2kBfFBsNok3txc0DFv_iu64vtbu4CFkkEt3lza2yZJTcObyEl-tF6D0dmuq_aUPMDoewbmrcYFMHovH-DMEOzYTKf1f4FaHxnwK6wA8.OESq4GsqR11J8RLFjRoJBkgkrHJEXUXrQp8Cv3PWRDo&dib_tag=se&qid=1733492183&rnid=2941120011&s=industrial-intl-ship&sr=1-13","Lemige 3 Pack Vacuum Filters Replacement Parts Compatible with Dyson V11 Torque Drive V11 Animal V11 Complete V11 Extra V15 Detect V15s Detect Submarine Vacuums, Compare to Part 970013-02","24.","4.6 "
"14","https://amazon.com/Multi-Surface-Feshness-Crosswave-Spinwave-22951/dp/B07R27JLKQ/ref=sr_1_14?dib=eyJ2IjoiMSJ9.P-77lI7ryEwv50aT4xaunT1TG_adIPs5HojuWF6Mu2SkCd78ghUknvpIOT2J3sDY1dFGLqqRwBVB5aTAx5_310O4MtZ8fvpYn5t_JhtzbAv73WoWV89xnWwbQJS_Vctqln9Nw_L0d3yKmC_4L5Nxy0bxL3j0ToUoPTvNaX9B1OooXWdrSQstp2YhevWZQFzNm-sA2kBfFBsNok3txc0DFv_iu64vtbu4CFkkEt3lza2yZJTcObyEl-tF6D0dmuq_aUPMDoewbmrcYFMHovH-DMEOzYTKf1f4FaHxnwK6wA8.OESq4GsqR11J8RLFjRoJBkgkrHJEXUXrQp8Cv3PWRDo&dib_tag=se&qid=1733492183&rnid=2941120011&s=industrial-intl-ship&sr=1-14","BISSELL Multi-Surface Pet with Febreze Freshness for Crosswave and Spinwave (64 oz), 22951","18.","4.8 "
"15","https://amazon.com/Homaider-Electric-Carving-Serving-Included/dp/B091LZV4TF/ref=sr_1_15?dib=eyJ2IjoiMSJ9.P-77lI7ryEwv50aT4xaunT1TG_adIPs5HojuWF6Mu2SkCd78ghUknvpIOT2J3sDY1dFGLqqRwBVB5aTAx5_310O4MtZ8fvpYn5t_JhtzbAv73WoWV89xnWwbQJS_Vctqln9Nw_L0d3yKmC_4L5Nxy0bxL3j0ToUoPTvNaX9B1OooXWdrSQstp2YhevWZQFzNm-sA2kBfFBsNok3txc0DFv_iu64vtbu4CFkkEt3lza2yZJTcObyEl-tF6D0dmuq_aUPMDoewbmrcYFMHovH-DMEOzYTKf1f4FaHxnwK6wA8.OESq4GsqR11J8RLFjRoJBkgkrHJEXUXrQp8Cv3PWRDo&dib_tag=se&qid=1733492183&rnid=2941120011&s=industrial-intl-ship&sr=1-15","Electric Knife for Carving Meat, Turkey, Bread & More. Serving Fork and Carving Blades Included","64.","4.4 "
"16","https://amazon.com/Cuisinart-CEK-41-electric-knife-Black/dp/B07H5T2T2S/ref=sr_1_16?dib=eyJ2IjoiMSJ9.P-77lI7ryEwv50aT4xaunT1TG_adIPs5HojuWF6Mu2SkCd78ghUknvpIOT2J3sDY1dFGLqqRwBVB5aTAx5_310O4MtZ8fvpYn5t_JhtzbAv73WoWV89xnWwbQJS_Vctqln9Nw_L0d3yKmC_4L5Nxy0bxL3j0ToUoPTvNaX9B1OooXWdrSQstp2YhevWZQFzNm-sA2kBfFBsNok3txc0DFv_iu64vtbu4CFkkEt3lza2yZJTcObyEl-tF6D0dmuq_aUPMDoewbmrcYFMHovH-DMEOzYTKf1f4FaHxnwK6wA8.OESq4GsqR11J8RLFjRoJBkgkrHJEXUXrQp8Cv3PWRDo&dib_tag=se&qid=1733492183&rnid=2941120011&s=industrial-intl-ship&sr=1-16","Cuisinart Electric Knife with Cutting Board, Stainless Steel/Black, CEK-41","49.","4.4 "
"17","https://amazon.com/Anewise-Replacement-Navigator-Professional-ZU503AMZ/dp/B01AFZAQEY/ref=sr_1_17?dib=eyJ2IjoiMSJ9.P-77lI7ryEwv50aT4xaunT1TG_adIPs5HojuWF6Mu2SkCd78ghUknvpIOT2J3sDY1dFGLqqRwBVB5aTAx5_310O4MtZ8fvpYn5t_JhtzbAv73WoWV89xnWwbQJS_Vctqln9Nw_L0d3yKmC_4L5Nxy0bxL3j0ToUoPTvNaX9B1OooXWdrSQstp2YhevWZQFzNm-sA2kBfFBsNok3txc0DFv_iu64vtbu4CFkkEt3lza2yZJTcObyEl-tF6D0dmuq_aUPMDoewbmrcYFMHovH-DMEOzYTKf1f4FaHxnwK6wA8.OESq4GsqR11J8RLFjRoJBkgkrHJEXUXrQp8Cv3PWRDo&dib_tag=se&qid=1733492183&rnid=2941120011&s=industrial-intl-ship&sr=1-17","Filter Replacement for Shark Navigator Lift Away Deluxe Professional Vacuum ZU503AMZ NV350 NV351 NV352 NV355 NV357 NV360 NV370 UV440 UV540, Parts XFF350 & XHF350, 1 HEPA + 2 Pre-Felt Filters","15.","4.7 "
"18","https://amazon.com/Premium-MakMeFre-Commercial-Puncture-Prevention/dp/B086DPSPNY/ref=sr_1_18?dib=eyJ2IjoiMSJ9.P-77lI7ryEwv50aT4xaunT1TG_adIPs5HojuWF6Mu2SkCd78ghUknvpIOT2J3sDY1dFGLqqRwBVB5aTAx5_310O4MtZ8fvpYn5t_JhtzbAv73WoWV89xnWwbQJS_Vctqln9Nw_L0d3yKmC_4L5Nxy0bxL3j0ToUoPTvNaX9B1OooXWdrSQstp2YhevWZQFzNm-sA2kBfFBsNok3txc0DFv_iu64vtbu4CFkkEt3lza2yZJTcObyEl-tF6D0dmuq_aUPMDoewbmrcYFMHovH-DMEOzYTKf1f4FaHxnwK6wA8.OESq4GsqR11J8RLFjRoJBkgkrHJEXUXrQp8Cv3PWRDo&dib_tag=se&qid=1733492183&rnid=2941120011&s=industrial-intl-ship&sr=1-18","6 Pack 8""x20'(3Rolls) and 11""x20' (3Rolls) Vacuum Sealer Bags Rolls for Food,Commercial Grade, BPA Free,Puncture Prevention,Great for Sous Vide Cooking","22.","4.6 "
"19","https://amazon.com/FoodSaver-Airtight-Storage-Perfect-Cooking/dp/B001U0274Q/ref=sr_1_19?dib=eyJ2IjoiMSJ9.P-77lI7ryEwv50aT4xaunT1TG_adIPs5HojuWF6Mu2SkCd78ghUknvpIOT2J3sDY1dFGLqqRwBVB5aTAx5_310O4MtZ8fvpYn5t_JhtzbAv73WoWV89xnWwbQJS_Vctqln9Nw_L0d3yKmC_4L5Nxy0bxL3j0ToUoPTvNaX9B1OooXWdrSQstp2YhevWZQFzNm-sA2kBfFBsNok3txc0DFv_iu64vtbu4CFkkEt3lza2yZJTcObyEl-tF6D0dmuq_aUPMDoewbmrcYFMHovH-DMEOzYTKf1f4FaHxnwK6wA8.OESq4GsqR11J8RLFjRoJBkgkrHJEXUXrQp8Cv3PWRDo&dib_tag=se&qid=1733492183&rnid=2941120011&s=industrial-intl-ship&sr=1-19","FoodSaver Custom Fit Airtight Food Storage and Sous Vide Vacuum Sealer Bags, 8 x 20' (Pack of 3), Perfect for Meal Prep and Sous Vide Cooking","29.","4.8 "
"20","https://amazon.com/Instant-Multi-Cooker-Technology-Compromising-Pot/dp/B0BK2CP4CB/ref=sr_1_20?dib=eyJ2IjoiMSJ9.P-77lI7ryEwv50aT4xaunT1TG_adIPs5HojuWF6Mu2SkCd78ghUknvpIOT2J3sDY1dFGLqqRwBVB5aTAx5_310O4MtZ8fvpYn5t_JhtzbAv73WoWV89xnWwbQJS_Vctqln9Nw_L0d3yKmC_4L5Nxy0bxL3j0ToUoPTvNaX9B1OooXWdrSQstp2YhevWZQFzNm-sA2kBfFBsNok3txc0DFv_iu64vtbu4CFkkEt3lza2yZJTcObyEl-tF6D0dmuq_aUPMDoewbmrcYFMHovH-DMEOzYTKf1f4FaHxnwK6wA8.OESq4GsqR11J8RLFjRoJBkgkrHJEXUXrQp8Cv3PWRDo&dib_tag=se&qid=1733492183&rnid=2941120011&s=industrial-intl-ship&sr=1-20","Instant Pot 20-Cup Rice Cooker, Rice and Grain Multi-Cooker with Carb Reducing Technology without Compromising Taste or Texture, From the Makers of Instant Pot, Includes 8 Cooking Presets","59.","4.3 "
"21","https://amazon.com/Gamesaver-Weston-Commercial-Puncture-Prevention/dp/B07TSBFJZ1/ref=sr_1_21?dib=eyJ2IjoiMSJ9.P-77lI7ryEwv50aT4xaunT1TG_adIPs5HojuWF6Mu2SkCd78ghUknvpIOT2J3sDY1dFGLqqRwBVB5aTAx5_310O4MtZ8fvpYn5t_JhtzbAv73WoWV89xnWwbQJS_Vctqln9Nw_L0d3yKmC_4L5Nxy0bxL3j0ToUoPTvNaX9B1OooXWdrSQstp2YhevWZQFzNm-sA2kBfFBsNok3txc0DFv_iu64vtbu4CFkkEt3lza2yZJTcObyEl-tF6D0dmuq_aUPMDoewbmrcYFMHovH-DMEOzYTKf1f4FaHxnwK6wA8.OESq4GsqR11J8RLFjRoJBkgkrHJEXUXrQp8Cv3PWRDo&dib_tag=se&qid=1733492183&rnid=2941120011&s=industrial-intl-ship&sr=1-21","Wevac Vacuum Sealer Bags 8x50, 11x50 Rolls 2 pack for Food Saver, Seal a Meal, Weston. Commercial Grade, BPA Free, Heavy Duty, Great for vac storage, Meal Prep or Sous Vide","18.","4.6 "
"22","https://amazon.com/Bonsenkitchen-Storage-Commercial-Textured-Customized/dp/B0C5BWGRHW/ref=sr_1_22?dib=eyJ2IjoiMSJ9.P-77lI7ryEwv50aT4xaunT1TG_adIPs5HojuWF6Mu2SkCd78ghUknvpIOT2J3sDY1dFGLqqRwBVB5aTAx5_310O4MtZ8fvpYn5t_JhtzbAv73WoWV89xnWwbQJS_Vctqln9Nw_L0d3yKmC_4L5Nxy0bxL3j0ToUoPTvNaX9B1OooXWdrSQstp2YhevWZQFzNm-sA2kBfFBsNok3txc0DFv_iu64vtbu4CFkkEt3lza2yZJTcObyEl-tF6D0dmuq_aUPMDoewbmrcYFMHovH-DMEOzYTKf1f4FaHxnwK6wA8.OESq4GsqR11J8RLFjRoJBkgkrHJEXUXrQp8Cv3PWRDo&dib_tag=se&qid=1733492183&rnid=2941120011&s=industrial-intl-ship&sr=1-22","Bonsenkitchen Vacuum Sealer Bags, 8"" x 50' Rolls 2 pack for Food Storage Saver, Bpa Free, Heavy Duty, Commercial Grade Textured Food Roll, Customized Size Bag for Sous Vide Cooking,VB3209","16.","4.6 "
"23","https://amazon.com/FoodSaver-1-Quart-BPA-Free-Multilayer-Construction/dp/B002TMRMHG/ref=sr_1_23?dib=eyJ2IjoiMSJ9.P-77lI7ryEwv50aT4xaunT1TG_adIPs5HojuWF6Mu2SkCd78ghUknvpIOT2J3sDY1dFGLqqRwBVB5aTAx5_310O4MtZ8fvpYn5t_JhtzbAv73WoWV89xnWwbQJS_Vctqln9Nw_L0d3yKmC_4L5Nxy0bxL3j0ToUoPTvNaX9B1OooXWdrSQstp2YhevWZQFzNm-sA2kBfFBsNok3txc0DFv_iu64vtbu4CFkkEt3lza2yZJTcObyEl-tF6D0dmuq_aUPMDoewbmrcYFMHovH-DMEOzYTKf1f4FaHxnwK6wA8.OESq4GsqR11J8RLFjRoJBkgkrHJEXUXrQp8Cv3PWRDo&dib_tag=se&qid=1733492183&rnid=2941120011&s=industrial-intl-ship&sr=1-23","FoodSaver 1-Quart BPA-Free Multilayer Construction Vacuum Zipper Bags","9.","4.7 "
"24","https://amazon.com/Bonsenkitchen-Quart-12-Commercial-Textured/dp/B0C5C1JTC4/ref=sr_1_24?dib=eyJ2IjoiMSJ9.P-77lI7ryEwv50aT4xaunT1TG_adIPs5HojuWF6Mu2SkCd78ghUknvpIOT2J3sDY1dFGLqqRwBVB5aTAx5_310O4MtZ8fvpYn5t_JhtzbAv73WoWV89xnWwbQJS_Vctqln9Nw_L0d3yKmC_4L5Nxy0bxL3j0ToUoPTvNaX9B1OooXWdrSQstp2YhevWZQFzNm-sA2kBfFBsNok3txc0DFv_iu64vtbu4CFkkEt3lza2yZJTcObyEl-tF6D0dmuq_aUPMDoewbmrcYFMHovH-DMEOzYTKf1f4FaHxnwK6wA8.OESq4GsqR11J8RLFjRoJBkgkrHJEXUXrQp8Cv3PWRDo&dib_tag=se&qid=1733492183&rnid=2941120011&s=industrial-intl-ship&sr=1-24","Bonsenkitchen Precut Vacuum Food Sealer Bags 200 Quart 8"" x 12"", BPA Free, Commercial Grade Textured Food Vacuum Sealer Bag, Thick Embossed Bags for Food Storage and Sous Vide Cooking VB3208","22.","4.7 "
